date,open,high,low,close,volume
2019-09-26,2.8,2.9,2.8,2.8,61100
2019-09-27,2.8,2.9,2.8,2.9,92195
2019-09-30,2.9,2.9,2.8,2.8,49900
2019-10-01,2.9,3.0,2.8,3.0,308300
2019-10-02,3.0,3.0,2.9,3.0,128400
2019-10-03,2.9,3.0,2.9,3.0,51900
2019-10-04,3.0,3.1,3.0,3.0,278300
2019-10-07,3.0,3.1,3.0,3.0,40600
2019-10-08,3.0,3.1,3.0,3.1,361700
2019-10-09,3.0,3.0,2.9,2.9,47600
2019-10-10,2.9,3.0,2.9,3.0,49620
2019-10-11,3.0,3.0,2.9,2.9,37300
2019-10-14,2.9,3.0,2.9,3.0,121360
2019-10-15,2.9,3.0,2.8,2.8,39300
2019-10-16,2.9,3.0,2.8,2.9,24100
2019-10-17,2.9,2.9,2.9,2.9,25410
2019-10-18,2.9,2.9,2.8,2.9,92175
2019-10-21,2.8,2.9,2.7,2.8,255935
2019-10-22,2.9,2.9,2.7,2.8,525575
2019-10-23,2.8,2.8,2.8,2.8,76000
2019-10-24,2.8,2.8,2.7,2.8,85563
2019-10-25,2.8,2.8,2.7,2.8,86818
2019-10-28,2.8,2.8,2.7,2.8,646120
2019-10-29,2.7,2.8,2.7,2.7,207650
2019-10-30,2.7,2.8,2.7,2.7,206805
2019-10-31,2.7,2.8,2.7,2.7,88600
2019-11-01,2.7,2.7,2.6,2.7,86529
2019-11-04,2.7,2.7,2.6,2.7,34539
2019-11-05,2.7,2.8,2.6,2.7,163835
2019-11-06,2.7,2.7,2.6,2.7,81900
2019-11-07,2.7,2.8,2.6,2.8,113395
2019-11-08,2.7,2.8,2.6,2.8,51110
2019-11-11,2.7,2.7,2.7,2.7,72944
2019-11-12,2.7,2.9,2.7,2.8,221316
2019-11-13,2.8,2.9,2.8,2.9,370180
2019-11-14,2.8,2.9,2.7,2.8,125234
2019-11-15,2.8,2.9,2.7,2.8,113850
2019-11-18,2.8,2.8,2.7,2.8,354275
2019-11-19,2.8,2.8,2.7,2.7,7215
2019-11-20,2.7,2.8,2.7,2.8,146135
2019-11-21,2.8,2.8,2.6,2.7,214005
2019-11-22,2.7,2.7,2.6,2.6,116500
2019-11-25,2.7,2.7,2.6,2.6,160900
2019-11-26,2.6,2.7,2.6,2.6,20526
2019-11-27,2.6,2.6,2.6,2.6,52150
2019-11-28,2.6,2.6,2.6,2.6,123800
2019-11-29,2.6,2.7,2.6,2.6,93651
2019-12-02,2.6,2.6,2.6,2.6,57974
2019-12-03,2.6,2.7,2.5,2.5,54100
2019-12-04,2.6,2.7,2.6,2.6,152226
2019-12-05,2.7,2.7,2.6,2.7,30320
2019-12-06,2.6,2.7,2.6,2.7,112355
2019-12-09,2.6,2.7,2.6,2.6,240000
2019-12-10,2.7,2.7,2.6,2.6,208675
2019-12-11,2.6,2.6,2.6,2.6,77795
2019-12-12,2.6,2.6,2.6,2.6,78400
2019-12-13,2.6,2.6,2.5,2.6,187300
2019-12-16,2.6,2.7,2.6,2.6,176880
2019-12-17,2.7,2.7,2.6,2.6,81450
2019-12-18,2.6,2.7,2.6,2.6,124900
2019-12-19,2.6,2.7,2.6,2.7,77345
2019-12-20,2.6,2.7,2.6,2.6,140557
2019-12-23,2.6,2.6,2.5,2.5,86597
2019-12-24,2.6,2.6,2.5,2.6,138845
2019-12-25,2.6,2.7,2.6,2.6,132900
2019-12-26,2.6,2.7,2.6,2.7,148304
2019-12-27,2.6,2.7,2.5,2.6,229200
2019-12-30,2.6,2.6,2.5,2.5,26750
2019-12-31,2.6,2.6,2.5,2.6,41100
2020-01-02,2.5,2.6,2.5,2.6,64650
2020-01-03,2.6,2.6,2.5,2.5,65340
2020-01-06,2.5,2.5,2.5,2.5,80800
2020-01-07,2.5,2.5,2.5,2.5,34810
2020-01-08,2.5,2.6,2.5,2.5,41200
2020-01-09,2.5,2.5,2.4,2.5,92950
2020-01-10,2.5,2.6,2.5,2.6,63900
2020-01-13,2.5,2.6,2.5,2.5,9240
2020-01-14,2.5,2.6,2.5,2.6,35500
2020-01-15,2.5,2.5,2.5,2.5,48580
2020-01-16,2.5,2.5,2.5,2.5,60840
2020-01-17,2.5,2.6,2.5,2.5,30700
2020-01-20,2.5,2.7,2.5,2.6,110820
2020-01-21,2.6,2.8,2.6,2.7,221201
2020-01-22,2.7,2.7,2.6,2.7,58200
2020-01-30,2.7,2.7,2.6,2.6,110300
2020-01-31,2.6,2.7,2.6,2.6,275000
2020-02-03,2.6,2.6,2.4,2.5,133387
2020-02-04,2.5,2.5,2.4,2.5,136870
2020-02-05,2.4,2.5,2.4,2.5,202400
2020-02-06,2.5,2.6,2.5,2.5,61450
2020-02-07,2.5,2.6,2.4,2.5,181375
2020-02-10,2.5,2.6,2.5,2.6,261627
2020-02-11,2.6,2.6,2.5,2.6,52600
2020-02-12,2.6,2.7,2.6,2.6,126325
2020-02-13,2.6,2.8,2.5,2.8,317050
2020-02-14,2.8,2.9,2.7,2.7,317850
2020-02-17,2.7,2.7,2.6,2.7,211310
2020-02-18,2.6,2.7,2.6,2.6,166000
2020-02-19,2.6,2.7,2.5,2.7,66350
2020-02-20,2.7,2.7,2.6,2.6,127025
2020-02-21,2.7,2.7,2.6,2.6,54900
2020-02-24,2.5,2.6,2.4,2.5,204000
2020-02-25,2.4,2.5,2.4,2.4,103015
2020-02-26,2.5,2.5,2.4,2.4,128210
2020-02-27,2.4,2.6,2.4,2.5,85175
2020-02-28,2.5,2.5,2.4,2.4,113902
2020-03-02,2.4,2.6,2.4,2.6,414132
2020-03-03,2.6,2.6,2.5,2.5,104220
2020-03-04,2.5,2.6,2.5,2.6,116310
2020-03-05,2.5,2.6,2.5,2.6,318000
2020-03-06,2.5,2.5,2.5,2.5,84300
2020-03-09,2.5,2.5,2.3,2.4,439510
2020-03-10,2.3,2.4,2.2,2.3,202310
2020-03-11,2.3,2.4,2.2,2.3,208800
2020-03-12,2.2,2.3,2.2,2.2,152451
2020-03-13,2.2,2.2,2.1,2.2,153383
2020-03-16,2.3,2.3,2.2,2.2,138732
2020-03-17,2.2,2.2,2.1,2.2,151010
2020-03-18,2.2,2.3,2.2,2.3,273200
2020-03-19,2.2,2.3,2.2,2.3,71710
2020-03-20,2.2,2.2,2.2,2.2,119770
2020-03-23,2.2,2.2,2.0,2.0,246661
2020-03-24,2.0,2.0,1.9,2.0,92200
2020-03-25,2.0,2.1,2.0,2.0,206975
2020-03-26,2.0,2.0,1.8,2.0,64900
2020-03-27,2.0,2.0,1.8,1.8,425132
2020-03-30,1.8,1.8,1.7,1.7,171900
2020-03-31,1.7,1.7,1.6,1.6,239426
2020-04-01,1.5,1.6,1.5,1.5,534800
2020-04-03,1.5,1.6,1.5,1.6,220350
2020-04-06,1.6,1.7,1.6,1.6,112820
2020-04-07,1.6,1.7,1.6,1.7,229825
2020-04-08,1.7,1.7,1.6,1.6,267200
2020-04-09,1.6,1.7,1.6,1.6,633091
2020-04-10,1.7,1.7,1.6,1.6,132930
2020-04-13,1.6,1.7,1.6,1.7,146800
2020-04-14,1.7,1.7,1.6,1.6,112725
2020-04-15,1.6,1.7,1.6,1.6,280560
2020-04-16,1.6,1.7,1.6,1.7,45310
2020-04-17,1.7,1.8,1.7,1.8,454225
2020-04-20,1.7,1.9,1.7,1.8,672510
2020-04-21,1.8,1.8,1.7,1.7,356000
2020-04-22,1.7,1.8,1.7,1.7,226267
2020-04-23,1.7,1.8,1.7,1.7,218900
2020-04-24,1.7,1.8,1.7,1.8,337950
2020-04-27,1.7,1.8,1.7,1.8,122110
2020-04-28,1.8,1.8,1.7,1.7,316870
2020-04-29,1.7,1.8,1.7,1.7,144510
2020-05-04,1.7,1.8,1.7,1.7,71865
2020-05-05,1.7,1.8,1.7,1.8,42315
2020-05-06,1.8,1.8,1.7,1.8,67472
2020-05-07,1.8,1.8,1.7,1.7,121185
2020-05-08,1.7,1.8,1.7,1.7,148318
2020-05-11,1.8,1.8,1.7,1.7,76817
2020-05-12,1.8,1.8,1.7,1.7,126375
2020-05-13,1.7,1.8,1.7,1.8,730397
2020-05-14,1.9,1.9,1.9,1.9,37654
2020-05-15,2.0,2.0,2.0,2.0,89300
2020-05-18,2.2,2.2,2.1,2.1,1259865
2020-05-19,2.1,2.2,2.0,2.0,487267
2020-05-20,2.0,2.1,2.0,2.0,83531
2020-05-21,2.0,2.1,1.9,1.9,210350
2020-05-22,1.9,2.0,1.9,2.0,145410
2020-05-25,2.0,2.0,1.9,2.0,201700
2020-05-26,1.9,2.0,1.9,1.9,203300
2020-05-27,1.9,2.0,1.9,1.9,106612
2020-05-28,1.9,2.0,1.9,2.0,118200
2020-05-29,1.9,2.1,1.9,2.1,264850
2020-06-01,2.0,2.3,2.0,2.2,565700
2020-06-02,2.3,2.3,2.1,2.3,293894
2020-06-03,2.2,2.2,2.1,2.1,325730
2020-06-04,2.0,2.2,2.0,2.1,503506
2020-06-05,2.1,2.2,2.0,2.1,105400
2020-06-08,2.0,2.2,2.0,2.2,155555
2020-06-09,2.2,2.3,2.1,2.2,679942
2020-06-10,2.2,2.3,2.2,2.3,362612
2020-06-11,2.3,2.5,2.3,2.3,1113816
2020-06-12,2.2,2.4,2.1,2.3,299771
2020-06-15,2.3,2.4,2.1,2.2,378589
2020-06-16,2.3,2.3,2.2,2.3,304230
2020-06-17,2.3,2.3,2.2,2.3,210306
2020-06-18,2.2,2.3,2.1,2.3,190630
2020-06-19,2.2,2.3,2.1,2.1,348470
2020-06-22,2.1,2.2,2.1,2.2,145020
2020-06-23,2.2,2.2,2.1,2.2,936935
2020-06-24,2.2,2.2,2.1,2.2,355410
2020-06-25,2.2,2.2,2.1,2.1,537800
2020-06-26,2.1,2.2,2.0,2.0,154135
2020-06-29,2.0,2.1,1.9,2.0,158997
2020-06-30,2.0,2.0,1.9,1.9,165160
2020-07-01,1.9,2.0,1.9,2.0,142622
2020-07-02,2.0,2.0,1.9,2.0,77800
2020-07-03,2.0,2.0,1.9,1.9,83088
2020-07-06,1.9,2.0,1.9,1.9,17975
2020-07-07,1.9,2.0,1.9,2.0,279330
2020-07-08,2.0,2.1,2.0,2.0,49800
2020-07-09,2.0,2.0,2.0,2.0,161500
2020-07-10,2.0,2.0,1.9,1.9,67305
2020-07-13,1.9,2.0,1.9,1.9,20512
2020-07-14,2.0,2.0,1.9,1.9,29300
2020-07-15,2.0,2.0,1.9,2.0,298925
2020-07-16,2.0,2.0,1.9,1.9,405300
2020-07-17,1.9,2.0,1.9,1.9,127820
2020-07-20,1.9,1.9,1.8,1.9,156500
2020-07-21,1.9,1.9,1.9,1.9,16000
2020-07-22,1.8,1.8,1.8,1.8,12200
2020-07-23,1.8,1.9,1.7,1.8,238612
2020-07-24,1.8,1.8,1.7,1.7,154712
2020-07-27,1.7,1.7,1.6,1.6,419700
2020-07-28,1.6,1.7,1.6,1.7,86495
2020-07-29,1.7,1.7,1.6,1.6,137560
2020-07-30,1.6,1.7,1.6,1.6,136100
2020-07-31,1.6,1.7,1.5,1.6,152203
2020-08-03,1.6,1.7,1.6,1.7,24855
2020-08-04,1.7,1.7,1.6,1.7,163310
2020-08-05,1.7,1.7,1.7,1.7,176200
2020-08-06,1.7,1.8,1.6,1.8,46710
2020-08-07,1.7,1.8,1.7,1.7,95512
2020-08-10,1.7,1.8,1.7,1.7,41852
2020-08-11,1.7,1.7,1.7,1.7,91111
2020-08-12,1.7,1.8,1.7,1.7,22200
2020-08-13,1.8,1.8,1.7,1.7,9390
2020-08-14,1.6,1.8,1.6,1.6,114300
2020-08-17,1.6,1.7,1.6,1.7,70800
2020-08-18,1.8,1.8,1.7,1.8,20500
2020-08-19,1.8,1.8,1.7,1.8,65312
2020-08-20,1.7,1.8,1.7,1.7,84500
2020-08-21,1.8,1.8,1.7,1.7,82600
2020-08-24,1.8,1.8,1.7,1.7,74235
2020-08-25,1.7,1.8,1.7,1.8,45113
2020-08-26,1.7,1.8,1.7,1.8,14320
2020-08-27,1.7,1.8,1.7,1.8,23135
2020-08-28,1.8,1.9,1.8,1.8,138710
2020-08-31,1.9,1.9,1.8,1.8,45300
2020-09-01,1.8,1.9,1.8,1.9,64477
2020-09-03,1.9,1.9,1.8,1.8,177530
2020-09-04,1.7,1.8,1.7,1.7,69280
2020-09-07,1.8,1.8,1.8,1.8,192101
2020-09-08,1.8,1.8,1.7,1.8,99712
2020-09-09,1.7,1.9,1.7,1.9,46315
2020-09-10,1.9,1.9,1.8,1.8,95312
2020-09-11,1.8,1.9,1.8,1.8,82475
2020-09-14,1.8,1.9,1.8,1.9,72657
2020-09-15,1.9,2.0,1.9,2.0,228000
2020-09-16,2.0,2.0,1.9,2.0,208112
2020-09-17,1.9,2.0,1.8,1.9,251404
2020-09-18,2.0,2.0,1.9,1.9,43918
2020-09-21,1.9,1.9,1.8,1.9,176700
2020-09-22,1.8,1.8,1.8,1.8,46064
2020-09-23,1.8,1.9,1.8,1.8,217020
2020-09-24,1.8,1.9,1.8,1.8,42775
2020-09-25,1.9,1.9,1.8,1.8,7100
2020-09-28,1.8,1.9,1.8,1.8,41990
2020-09-29,1.9,1.9,1.8,1.8,227950
2020-09-30,1.8,1.8,1.8,1.8,94331
2020-10-01,1.8,1.9,1.8,1.8,13024
2020-10-02,1.8,1.8,1.7,1.8,73700
2020-10-05,1.8,1.9,1.8,1.9,42600
2020-10-06,1.8,1.9,1.8,1.8,170300
2020-10-07,1.8,1.9,1.8,1.8,21700
2020-10-08,1.8,1.9,1.8,1.8,44900
2020-10-09,1.8,1.9,1.8,1.8,122900
2020-10-12,1.7,1.9,1.7,1.8,122700
2020-10-13,1.7,1.8,1.7,1.8,6700
2020-10-14,1.8,1.8,1.7,1.8,12600
2020-10-15,1.8,1.8,1.7,1.7,215600
2020-10-16,1.7,1.8,1.7,1.7,265800
2020-10-19,1.7,1.8,1.6,1.7,94200
2020-10-20,1.6,1.8,1.6,1.7,46200
2020-10-21,1.7,1.8,1.6,1.6,179400
2020-10-22,1.6,1.7,1.6,1.7,442500
2020-10-23,1.7,1.8,1.6,1.6,150100
2020-10-26,1.7,1.7,1.6,1.7,661800
2020-10-27,1.6,1.7,1.6,1.7,35600
2020-10-28,1.6,1.7,1.6,1.7,24700
2020-10-29,1.6,1.7,1.6,1.6,360700
2020-10-30,1.6,1.7,1.6,1.6,26500
2020-11-02,1.7,1.7,1.5,1.6,142300
2020-11-03,1.6,1.7,1.6,1.7,30700
2020-11-04,1.7,1.7,1.6,1.7,9900
2020-11-05,1.7,1.7,1.6,1.7,50800
2020-11-06,1.6,1.7,1.6,1.6,17700
2020-11-09,1.7,1.7,1.6,1.7,134400
2020-11-10,1.7,1.7,1.6,1.6,3700
2020-11-11,1.6,1.7,1.6,1.7,20000
2020-11-12,1.7,1.7,1.6,1.6,69000
2020-11-13,1.7,1.7,1.6,1.6,25400
2020-11-16,1.6,1.7,1.6,1.6,57300
2020-11-17,1.6,1.7,1.6,1.7,134900
2020-11-18,1.7,1.7,1.6,1.6,8600
2020-11-19,1.7,1.7,1.6,1.6,14900
2020-11-20,1.7,1.7,1.6,1.6,133900
2020-11-23,1.6,1.7,1.6,1.6,144100
2020-11-24,1.7,1.7,1.6,1.6,38100
2020-11-25,1.7,1.7,1.6,1.7,23500
2020-11-26,1.7,1.7,1.6,1.6,254300
2020-11-27,1.7,1.7,1.6,1.6,18000
2020-11-30,1.6,1.7,1.6,1.7,87800
2020-12-01,1.7,1.7,1.6,1.6,16200
2020-12-02,1.6,1.7,1.6,1.7,69600
2020-12-03,1.6,1.7,1.6,1.6,57200
2020-12-04,1.6,1.7,1.6,1.7,33700
2020-12-07,1.6,1.7,1.6,1.7,32100
2020-12-08,1.7,1.7,1.6,1.6,78200
2020-12-09,1.6,1.7,1.6,1.7,184000
2020-12-10,1.7,1.7,1.6,1.7,82900
2020-12-11,1.6,1.8,1.6,1.7,262200
2020-12-14,1.7,1.8,1.7,1.8,95000
2020-12-15,1.8,1.8,1.7,1.7,277134
2020-12-16,1.8,1.8,1.7,1.7,236252
2020-12-17,1.7,1.8,1.7,1.8,992100
2020-12-18,1.8,1.9,1.8,1.9,537311
2020-12-21,2.0,2.0,1.9,2.0,774304
2020-12-22,2.1,2.2,2.1,2.2,1038749
2020-12-23,2.3,2.4,2.1,2.1,1000420
2020-12-24,2.1,2.1,1.9,2.1,998333
2020-12-25,2.1,2.1,2.0,2.1,244833
2020-12-28,2.1,2.1,1.9,2.0,498586
2020-12-29,2.0,2.1,1.9,2.0,376561
2020-12-30,2.0,2.1,2.0,2.1,207050
2020-12-31,2.1,2.1,2.0,2.0,318348
2021-01-04,2.0,2.1,1.9,2.1,449476
2021-01-05,2.1,2.3,2.0,2.3,1366293
2021-01-06,2.4,2.4,2.2,2.3,275798
2021-01-07,2.3,2.3,2.1,2.3,835700
2021-01-08,2.2,2.3,2.1,2.1,858590
2021-01-11,2.2,2.3,2.1,2.3,814710
2021-01-12,2.3,2.4,2.2,2.3,1317650
2021-01-13,2.3,2.4,2.2,2.3,959335
2021-01-14,2.3,2.4,2.2,2.4,1113501
2021-01-15,2.4,2.6,2.4,2.6,1711674
2021-01-18,2.7,2.8,2.6,2.7,1887305
2021-01-19,2.7,2.7,2.5,2.5,1142800
2021-01-20,2.4,2.5,2.3,2.3,1618575
2021-01-21,2.4,2.5,2.3,2.5,882636
2021-01-22,2.5,2.6,2.4,2.5,1071089
2021-01-25,2.5,2.7,2.3,2.5,1728990
2021-01-26,2.5,2.6,2.4,2.4,787300
2021-01-27,2.3,2.5,2.3,2.3,1317704
2021-01-28,2.3,2.3,2.1,2.1,1779301
2021-01-29,2.0,2.3,1.9,2.2,952548
2021-02-01,2.2,2.2,2.0,2.1,665102
2021-02-02,2.0,2.1,1.9,2.0,335670
2021-02-03,2.0,2.2,2.0,2.1,535558
2021-02-04,2.0,2.2,2.0,2.1,255200
2021-02-05,2.0,2.2,2.0,2.2,366500
2021-02-08,2.2,2.2,2.0,2.1,341868
2021-02-09,2.1,2.1,2.0,2.0,175301
2021-02-17,2.1,2.1,2.0,2.1,397760
2021-02-18,2.1,2.2,2.0,2.1,322000
2021-02-19,2.1,2.2,2.1,2.2,94911
2021-02-22,2.1,2.2,2.0,2.1,389810
2021-02-23,2.1,2.2,2.0,2.1,675201
2021-02-24,2.1,2.3,2.1,2.2,838600
2021-02-25,2.2,2.3,2.1,2.2,145777
2021-02-26,2.2,2.2,2.1,2.2,74300
2021-03-01,2.2,2.3,2.1,2.2,728239
2021-03-02,2.2,2.4,2.2,2.4,997170
2021-03-03,2.4,2.5,2.3,2.5,440750
2021-03-04,2.5,2.5,2.3,2.4,829255
2021-03-05,2.4,2.6,2.2,2.6,2526550
2021-03-08,2.6,2.8,2.6,2.7,1787867
2021-03-09,2.7,2.7,2.5,2.7,753543
2021-03-10,2.6,2.7,2.5,2.6,1315062
2021-03-11,2.6,2.6,2.4,2.5,1322454
2021-03-12,2.4,2.6,2.4,2.5,893222
2021-03-15,2.5,2.7,2.4,2.7,1084825
2021-03-16,2.7,2.7,2.5,2.6,551754
2021-03-17,2.6,2.7,2.5,2.6,422280
2021-03-18,2.7,2.7,2.5,2.6,406305
2021-03-19,2.6,2.7,2.5,2.6,832152
2021-03-22,2.7,2.7,2.5,2.7,607470
2021-03-23,2.6,2.7,2.6,2.6,584942
2021-03-24,2.6,2.7,2.5,2.7,1072928
2021-03-25,2.7,2.9,2.7,2.9,2351029
2021-03-26,3.1,3.1,2.9,3.1,3711875
2021-03-29,3.3,3.4,3.0,3.1,2293575
2021-03-30,3.1,3.1,2.9,3.1,1510168
2021-03-31,3.0,3.1,2.9,3.0,1843965
2021-04-01,3.0,3.3,2.9,3.2,1479190
2021-04-02,3.3,3.4,3.2,3.4,1194326
2021-04-05,3.4,3.4,3.1,3.4,3360200
2021-04-06,3.4,3.7,3.2,3.7,2654397
2021-04-07,3.7,4.0,3.6,4.0,1789483
2021-04-08,4.2,4.2,3.7,3.9,2548533
2021-04-09,3.8,4.0,3.7,4.0,1371145
2021-04-12,3.9,4.4,3.9,4.4,3223004
2021-04-13,4.7,4.8,4.2,4.3,3223004
2021-04-14,4.3,4.6,4.1,4.6,2034798
2021-04-15,4.5,4.7,4.4,4.5,1166691
2021-04-16,4.5,4.5,4.1,4.2,1737360
2021-04-19,4.2,4.2,3.8,3.8,2224280
2021-04-20,3.5,3.8,3.5,3.7,1036427
2021-04-22,3.7,3.7,3.4,3.4,1386655
2021-04-23,3.4,3.4,3.1,3.2,1115002
2021-04-26,3.2,3.5,3.2,3.5,1583350
2021-04-27,3.5,3.5,3.2,3.3,672856
2021-04-28,3.3,3.6,3.2,3.5,1324600
2021-04-29,3.5,3.6,3.3,3.5,587142
2021-05-04,3.4,3.4,3.2,3.4,620626
2021-05-05,3.2,3.5,3.2,3.4,708920
2021-05-06,3.4,3.5,3.2,3.3,526150
2021-05-07,3.3,3.3,3.0,3.1,1612343
2021-05-10,3.0,3.1,2.9,3.0,834808
2021-05-11,3.0,3.2,2.9,3.1,322396
2021-05-12,3.2,3.2,3.0,3.2,334369
2021-05-13,3.2,3.3,3.1,3.3,546374
2021-05-14,3.3,3.3,3.1,3.3,304239
2021-05-17,3.2,3.4,3.2,3.3,995242
2021-05-18,3.4,3.6,3.4,3.6,2092772
2021-05-19,3.7,3.9,3.6,3.6,1296627
2021-05-20,3.6,3.6,3.4,3.5,319070
2021-05-21,3.4,3.5,3.3,3.4,745477
2021-05-24,3.3,3.4,3.3,3.4,500240
2021-05-25,3.4,3.6,3.3,3.4,587158
2021-05-26,3.4,3.5,3.3,3.4,523610
2021-05-27,3.4,3.4,3.2,3.3,555020
2021-05-28,3.2,3.4,3.2,3.4,540949
2021-05-31,3.3,3.5,3.2,3.3,608504
2021-06-01,3.3,3.4,3.2,3.4,609292
2021-06-02,3.4,3.4,3.3,3.4,241440
2021-06-03,3.4,3.6,3.3,3.5,875120
2021-06-04,3.5,3.7,3.4,3.6,1057423
2021-06-07,3.6,3.8,3.5,3.6,776920
2021-06-08,3.6,3.6,3.4,3.4,361411
2021-06-09,3.3,3.5,3.3,3.4,538958
2021-06-10,3.5,3.5,3.3,3.3,565702
2021-06-11,3.3,3.5,3.3,3.5,309525
2021-06-14,3.5,3.5,3.3,3.4,334069
2021-06-15,3.3,3.5,3.3,3.3,342571
2021-06-16,3.3,3.4,3.3,3.3,201220
2021-06-17,3.3,3.4,3.3,3.4,289100
2021-06-18,3.4,3.5,3.3,3.4,463605
2021-06-21,3.4,3.6,3.4,3.4,766331
2021-06-22,3.5,3.6,3.4,3.5,616193
2021-06-23,3.6,3.6,3.4,3.4,541513
2021-06-24,3.4,3.5,3.3,3.3,296250
2021-06-25,3.4,3.5,3.3,3.4,165410
2021-06-28,3.4,3.5,3.3,3.4,193360
2021-06-29,3.4,3.4,3.3,3.3,233410
2021-06-30,3.3,3.4,3.2,3.3,409416
2021-07-01,3.3,3.4,3.2,3.2,280610
2021-07-02,3.2,3.3,3.1,3.2,649312
2021-07-05,3.2,3.3,3.1,3.2,655592
2021-07-06,3.2,3.2,3.1,3.1,259700
2021-07-07,3.1,3.1,2.8,2.9,914440
2021-07-08,3.0,3.1,2.9,3.1,589200
2021-07-09,3.2,3.2,2.9,2.9,235365
2021-07-12,3.0,3.0,2.7,2.8,514310
2021-07-13,2.8,3.0,2.8,3.0,388613
2021-07-14,3.0,3.1,2.9,3.0,284018
2021-07-15,3.0,3.1,2.9,3.1,132515
2021-07-16,3.1,3.1,2.9,3.1,487515
2021-07-19,2.9,3.0,2.8,2.8,372854
2021-07-20,2.8,2.9,2.7,2.9,105920
2021-07-21,2.9,3.0,2.9,2.9,178100
2021-07-22,2.9,3.0,2.8,2.9,207400
2021-07-23,2.9,3.0,2.9,3.0,246706
2021-07-26,3.0,3.0,2.8,2.9,132310
2021-07-27,3.0,3.0,2.8,3.0,195520
2021-07-28,2.9,3.0,2.8,3.0,287022
2021-07-29,3.0,3.0,2.9,2.9,121101
2021-07-30,3.0,3.0,2.9,2.9,68777
2021-08-02,3.0,3.0,2.9,2.9,206785
2021-08-03,3.0,3.0,2.9,3.0,133804
2021-08-04,3.0,3.0,2.9,2.9,118755
2021-08-05,2.9,3.1,2.9,3.1,1007109
2021-08-06,3.3,3.4,3.1,3.1,640000
2021-08-09,3.1,3.3,3.1,3.3,287619
2021-08-10,3.3,3.3,3.1,3.2,450220
2021-08-11,3.2,3.3,3.1,3.2,299900
2021-08-12,3.2,3.4,3.1,3.3,698201
2021-08-13,3.3,3.6,3.3,3.6,2319670
2021-08-16,3.7,3.9,3.7,3.9,1925595
2021-08-17,3.9,3.9,3.6,3.6,843794
2021-08-18,3.6,3.7,3.4,3.6,829184
2021-08-19,3.6,3.6,3.4,3.6,829513
2021-08-20,3.6,3.6,3.4,3.4,1043041
2021-08-23,3.4,3.6,3.4,3.5,726033
2021-08-24,3.5,3.6,3.3,3.4,781702
2021-08-25,3.4,3.6,3.4,3.5,618322
2021-08-26,3.5,3.6,3.4,3.4,269407
2021-08-27,3.4,3.6,3.3,3.6,1040310
2021-08-30,3.6,3.7,3.5,3.6,1535008
2021-08-31,3.6,3.7,3.5,3.7,1026305
2021-09-01,3.7,4.0,3.7,3.9,2068496
2021-09-06,4.0,4.1,3.9,4.0,1474075
2021-09-07,4.2,4.2,3.6,3.6,2120478
2021-09-08,3.7,3.8,3.6,3.7,1280560
2021-09-09,3.8,3.8,3.6,3.8,580407
2021-09-10,3.8,3.8,3.6,3.7,901481
2021-09-13,3.6,4.0,3.4,4.0,2737947
2021-09-14,4.2,4.4,4.1,4.4,3252748
2021-09-15,4.4,4.8,4.4,4.5,2343826
2021-09-16,4.5,4.5,4.1,4.2,2052498
2021-09-17,4.2,4.6,4.1,4.6,2033454
2021-09-20,5.0,5.0,4.8,5.0,1304663
2021-09-21,5.5,5.5,5.2,5.5,3251335
2021-09-22,5.9,6.0,5.9,6.0,1189848
2021-09-23,6.6,6.6,5.4,5.8,6032711
2021-09-24,5.7,5.7,5.3,5.3,1859320
2021-09-27,4.8,5.0,4.8,4.8,1089151
2021-09-28,4.4,4.9,4.4,4.8,3276727
2021-09-29,4.8,4.9,4.5,4.8,949500
2021-09-30,4.5,5.2,4.5,5.1,669014
2021-10-01,5.0,5.0,4.7,5.0,1808910
2021-10-04,5.0,5.0,4.5,4.5,917028
2021-10-05,4.5,4.7,4.4,4.6,720567
2021-10-06,4.7,5.0,4.5,5.0,1042043
2021-10-07,5.0,5.3,4.8,5.2,892368
2021-10-08,5.2,5.2,4.9,4.9,693507
2021-10-11,4.9,4.9,4.7,4.7,801540
2021-10-12,4.7,5.1,4.6,4.9,1043960
2021-10-13,4.9,5.0,4.7,4.9,758255
2021-10-14,4.9,5.0,4.8,4.9,813401
2021-10-15,4.9,5.2,4.8,5.0,1525088
2021-10-18,5.0,5.2,4.9,5.1,1007296
2021-10-19,5.1,5.3,4.9,5.2,1364126
2021-10-20,5.2,5.7,5.1,5.7,3440078
2021-10-21,5.7,6.2,5.6,5.9,2308431
2021-10-22,5.9,6.4,5.6,6.3,4843135
2021-10-25,6.5,6.6,6.0,6.2,1906320
2021-10-26,6.2,6.3,5.9,6.2,949186
2021-10-27,6.2,6.2,5.6,5.8,4305928
2021-10-28,5.8,6.1,5.8,5.9,1302952
2021-10-29,5.9,6.1,5.8,6.1,1607932
2021-11-01,6.1,6.4,5.9,6.1,2268679
2021-11-02,6.2,6.3,6.1,6.3,1100677
2021-11-03,6.3,6.7,6.0,6.0,2169743
2021-11-04,6.0,6.1,5.9,6.0,834811
2021-11-05,6.1,6.1,5.9,6.1,1083475
2021-11-08,6.1,6.2,6.0,6.1,1077976
2021-11-09,6.1,6.2,6.0,6.1,742590
2021-11-10,6.1,6.1,5.9,6.0,1221738
2021-11-11,6.1,6.6,6.0,6.5,3199043
2021-11-12,6.7,7.1,6.5,7.1,2910143
2021-11-15,7.1,7.5,6.9,7.2,1990816
2021-11-16,7.2,7.2,6.5,6.7,3398389
2021-11-17,6.7,7.0,6.5,7.0,1858362
2021-11-18,7.0,7.6,6.8,7.1,2798855
2021-11-19,7.5,7.5,6.5,6.9,3927949
2021-11-22,6.9,7.1,6.3,6.4,3131609
2021-11-23,6.3,7.0,6.0,7.0,1860171
2021-11-24,7.4,7.7,7.2,7.3,3727848
2021-11-25,7.3,7.5,6.9,7.1,3116177
2021-11-26,7.0,7.2,6.7,6.8,2714124
2021-11-29,6.7,7.0,6.5,7.0,2053690
2021-11-30,7.0,7.6,7.0,7.4,4289640
2021-12-01,7.5,7.6,7.2,7.6,2237765
2021-12-02,7.6,8.3,7.5,8.3,2522149
2021-12-03,8.9,9.1,8.4,8.8,5372442
2021-12-06,8.6,8.8,8.0,8.0,3187916
2021-12-07,8.0,8.0,7.2,7.9,3223169
2021-12-08,7.9,8.0,7.4,7.5,2037858
2021-12-09,7.5,7.9,7.3,7.7,1583645
2021-12-10,7.8,7.8,7.4,7.6,1377382
2021-12-13,7.7,8.0,7.5,8.0,1072307
2021-12-14,8.0,8.0,7.7,7.8,1159981
2021-12-15,7.8,7.8,7.5,7.7,1226409
2021-12-16,7.7,8.0,7.5,8.0,1857555
2021-12-17,8.0,8.3,7.8,8.1,3065887
2021-12-20,8.1,8.2,7.8,7.9,1263527
2021-12-21,7.9,7.9,7.7,7.9,1649859
2021-12-22,7.9,8.5,7.9,8.3,3329420
2021-12-23,8.4,8.4,7.9,8.2,1652110
2021-12-24,8.2,8.8,8.1,8.4,2523822
2021-12-27,8.4,8.6,8.3,8.4,949947
2021-12-28,8.4,8.5,8.1,8.2,2426122
2021-12-29,8.2,8.3,8.0,8.3,2587415
2021-12-30,8.3,8.5,8.2,8.3,1928050
2021-12-31,8.3,8.4,8.0,8.0,1121895
2022-01-04,8.0,8.3,8.0,8.2,1981295
2022-01-05,8.2,8.3,8.0,8.1,1700324
2022-01-06,8.0,8.6,8.0,8.3,2675241
2022-01-07,8.3,9.1,8.2,9.0,4674754
2022-01-10,9.1,9.8,9.0,9.2,4265245
2022-01-11,9.2,9.2,8.3,8.6,2245872
2022-01-12,8.3,8.6,7.8,8.3,2806015
2022-01-13,8.3,8.4,7.5,7.5,2653922
2022-01-14,7.5,7.9,6.8,7.5,1274822
2022-01-17,7.5,7.8,6.8,6.9,1338910
2022-01-18,6.9,6.9,6.3,6.3,1493650
2022-01-19,6.3,6.3,5.7,5.7,1569300
2022-01-20,5.6,6.2,5.3,6.2,954210
2022-01-21,6.3,6.8,6.3,6.8,1033563
2022-01-24,6.8,7.0,6.2,6.2,1081041
2022-01-25,6.0,6.8,5.9,6.7,562568
2022-01-26,6.7,6.9,6.4,6.5,367102
2022-01-27,6.5,6.7,6.3,6.5,281310
2022-01-28,6.7,6.7,6.3,6.4,374603
2022-02-07,6.5,7.0,6.5,7.0,508335
2022-02-08,7.0,7.2,6.8,7.0,514699
2022-02-09,7.0,7.2,6.8,7.0,511411
2022-02-10,7.0,7.1,7.0,7.1,455896
2022-02-11,7.1,7.2,7.0,7.1,411461
2022-02-14,7.0,7.1,6.7,6.9,487430
2022-02-15,7.0,7.0,6.7,6.8,376904
2022-02-16,7.0,7.1,6.8,7.0,480438
2022-02-17,7.2,7.2,6.9,7.0,329729
2022-02-18,7.5,7.5,6.8,7.1,457485
2022-02-21,7.1,7.4,7.0,7.3,643438
2022-02-22,7.2,7.3,7.0,7.1,1167001
2022-02-23,7.1,7.3,7.1,7.2,427281
2022-02-24,7.2,7.2,6.6,7.0,1163401
2022-02-25,7.0,7.1,6.8,6.9,579794
2022-02-28,6.9,7.0,6.8,6.8,451001
2022-03-01,6.8,7.1,6.8,7.0,786558
2022-03-02,7.0,7.1,6.8,7.0,684014
2022-03-03,7.0,7.4,6.8,7.3,1691526
2022-03-04,8.0,8.0,7.2,7.3,1086772
2022-03-07,7.3,7.7,7.2,7.4,1740075
2022-03-08,7.4,7.5,7.2,7.3,1372525
2022-03-09,7.3,7.4,7.0,7.2,952900
2022-03-10,7.2,7.5,7.2,7.5,1310665
2022-03-11,7.5,7.9,7.4,7.6,2351020
2022-03-14,7.6,7.6,7.2,7.3,919025
2022-03-15,7.3,7.5,7.2,7.5,815067
2022-03-16,7.4,7.6,7.4,7.5,1137914
2022-03-17,7.5,7.7,7.4,7.6,1314339
2022-03-18,7.6,8.2,7.6,7.9,2948108
2022-03-21,8.5,8.5,7.8,7.9,736598
2022-03-22,8.5,8.5,7.7,7.8,1077903
2022-03-23,7.8,7.9,7.6,7.7,1622838
2022-03-24,7.9,7.9,7.5,7.7,1113500
2022-03-25,7.8,7.8,7.6,7.6,994171
2022-03-28,7.5,7.6,7.2,7.3,2015064
2022-03-29,7.9,7.9,7.2,7.6,1082231
2022-03-30,8.2,8.2,7.2,7.2,1052705
2022-03-31,7.3,7.4,7.0,7.2,691448
2022-04-01,7.1,7.2,7.0,7.2,1012001
2022-04-04,7.2,7.4,7.1,7.2,654447
2022-04-05,7.2,7.3,7.1,7.2,442237
2022-04-06,7.2,7.2,6.9,7.0,835752
2022-04-07,7.0,7.1,6.8,6.9,548200
2022-04-08,6.9,6.9,6.5,6.5,904615
2022-04-12,6.7,6.9,6.4,6.5,470700
2022-04-13,6.5,6.6,6.0,6.5,520710
2022-04-14,6.5,6.6,6.4,6.5,324000
2022-04-15,6.5,6.5,6.0,6.0,513800
2022-04-18,6.0,6.1,5.4,5.4,997500
2022-04-19,5.4,5.6,4.9,4.9,698261
2022-04-20,4.9,4.9,4.5,4.5,1135400
2022-04-21,4.4,4.4,4.1,4.1,963694
2022-04-22,4.0,4.5,3.9,4.4,979846
2022-04-25,4.5,4.7,4.3,4.5,624300
2022-04-26,4.5,4.8,4.3,4.8,372113
2022-04-27,4.8,5.0,4.6,4.9,368825
2022-04-28,4.9,5.1,4.9,4.9,543700
2022-04-29,4.9,5.1,4.8,5.1,569310
2022-05-04,5.1,5.1,4.8,4.9,561700
2022-05-05,4.9,5.0,4.7,4.9,268803
2022-05-06,4.8,4.8,4.6,4.6,244100
2022-05-09,4.6,4.6,4.2,4.2,445891
2022-05-10,4.1,4.4,3.9,4.2,371569
2022-05-11,4.3,4.4,4.2,4.3,240200
2022-05-12,4.3,4.4,4.0,4.1,570600
2022-05-13,4.1,4.2,3.8,3.8,380850
2022-05-16,3.8,4.1,3.7,3.9,488420
2022-05-17,3.7,4.2,3.6,4.1,283036
2022-05-18,4.2,4.3,4.1,4.3,268102
2022-05-19,4.2,4.2,4.0,4.1,217500
2022-05-20,4.2,4.3,4.1,4.2,444200
2022-05-23,4.3,4.3,4.1,4.1,242600
2022-05-24,4.2,4.2,4.0,4.1,256901
2022-05-25,4.1,4.5,4.1,4.5,1051638
2022-05-26,4.6,4.8,4.5,4.7,417635
2022-05-27,4.6,4.8,4.5,4.6,306613
2022-05-30,4.6,4.7,4.4,4.7,536601
2022-05-31,4.6,4.7,4.5,4.5,329103
2022-06-01,4.5,4.6,4.4,4.5,164512
2022-06-02,4.5,4.6,4.4,4.5,326915
2022-06-03,4.5,4.6,4.4,4.5,278503
2022-06-06,4.5,4.5,4.3,4.3,547215
2022-06-07,4.3,4.3,3.9,4.0,790100
2022-06-08,4.0,4.3,4.0,4.3,323768
2022-06-09,4.3,4.3,4.2,4.2,97000
2022-06-10,4.2,4.3,4.1,4.1,139901
2022-06-13,4.1,4.1,3.8,3.8,340701
2022-06-14,3.9,4.0,3.6,3.8,660000
2022-06-15,3.8,3.9,3.5,3.5,582100
2022-06-16,3.5,3.7,3.5,3.6,181541
2022-06-17,3.5,3.6,3.3,3.3,461847
2022-06-20,3.1,3.4,3.0,3.0,378822
2022-06-21,2.9,3.0,2.7,2.7,519900
2022-06-22,2.8,2.9,2.8,2.9,261705
2022-06-23,2.9,3.1,2.9,3.1,324629
2022-06-24,3.2,3.2,3.0,3.2,266197
2022-06-27,3.2,3.2,3.1,3.1,106400
2022-06-28,3.2,3.3,3.1,3.2,279210
2022-06-29,3.2,3.4,3.1,3.3,344425
2022-06-30,3.3,3.3,3.1,3.1,122227
2022-07-01,3.1,3.2,2.9,3.0,215900
2022-07-04,3.1,3.3,3.0,3.3,331600
2022-07-05,3.5,3.5,3.2,3.3,256300
2022-07-06,3.3,3.3,3.1,3.1,253700
2022-07-07,3.1,3.2,3.0,3.2,120800
2022-07-08,3.2,3.3,3.1,3.2,362110
2022-07-11,3.2,3.3,3.1,3.2,211800
2022-07-12,3.2,3.3,3.1,3.2,186506
2022-07-13,3.2,3.4,3.2,3.3,347046
2022-07-14,3.3,3.3,3.2,3.3,104558
2022-07-15,3.3,3.4,3.2,3.2,262237
2022-07-18,3.2,3.4,3.2,3.2,100101
2022-07-19,3.3,3.3,3.2,3.3,247951
2022-07-20,3.3,3.5,3.2,3.4,648910
2022-07-21,3.4,3.5,3.3,3.3,125227
2022-07-22,3.3,3.4,3.2,3.3,204600
2022-07-25,3.3,3.3,3.1,3.3,359200
2022-07-26,3.3,3.3,3.2,3.2,133625
2022-07-27,3.2,3.3,3.1,3.2,205401
2022-07-28,3.2,3.3,3.1,3.2,166205
2022-07-29,3.2,3.3,3.2,3.2,112425
2022-08-01,3.2,3.3,3.2,3.2,165900
2022-08-02,3.2,3.4,3.2,3.3,644920
2022-08-03,3.3,3.5,3.3,3.5,533321
2022-08-04,3.5,3.5,3.3,3.4,386309
2022-08-05,3.4,3.6,3.3,3.5,609500
2022-08-08,3.5,3.8,3.5,3.7,913591
2022-08-09,3.7,4.0,3.7,4.0,1247385
2022-08-10,4.0,4.2,4.0,4.0,711000
2022-08-11,4.0,4.1,3.9,4.0,940828
2022-08-12,3.9,4.0,3.8,4.0,557103
2022-08-15,3.9,4.0,3.8,3.9,487268
2022-08-16,3.8,4.0,3.8,3.9,273110
2022-08-17,3.9,4.0,3.8,3.9,460310
2022-08-18,3.9,3.9,3.7,3.7,282103
2022-08-19,3.8,3.8,3.6,3.6,234983
2022-08-22,3.6,3.7,3.5,3.6,397500
2022-08-23,3.6,3.7,3.6,3.7,178732
2022-08-24,3.7,3.8,3.6,3.7,203350
2022-08-25,3.7,4.0,3.7,4.0,743355
2022-08-26,4.1,4.2,3.9,4.0,778406
2022-08-29,4.0,4.0,3.7,3.7,389000
2022-08-30,3.7,3.9,3.7,3.7,216931
2022-08-31,3.7,3.9,3.7,3.8,272421
2022-09-05,3.8,3.9,3.7,3.7,279440
2022-09-06,3.7,3.9,3.7,3.7,311763
2022-09-07,3.7,3.8,3.6,3.6,297226
2022-09-08,3.6,3.7,3.5,3.6,517104
2022-09-09,3.5,3.7,3.5,3.6,287600
2022-09-12,3.6,3.7,3.5,3.6,149500
2022-09-13,3.6,3.7,3.5,3.7,184239
2022-09-14,3.6,3.6,3.5,3.6,306085
2022-09-15,3.5,3.6,3.5,3.5,146048
2022-09-16,3.6,3.6,3.3,3.3,318626
2022-09-19,3.4,3.5,3.2,3.2,448854
2022-09-20,3.3,3.3,3.2,3.3,166116
2022-09-21,3.3,3.5,3.2,3.3,268882
2022-09-22,3.3,3.5,3.3,3.4,334192
2022-09-23,3.5,3.5,3.3,3.3,117725
2022-09-26,3.3,3.3,3.0,3.2,699910
2022-09-27,3.2,3.3,3.1,3.2,196110
2022-09-28,3.2,3.3,3.1,3.2,258810
2022-09-29,3.1,3.3,3.1,3.1,313000
2022-09-30,3.1,3.2,2.9,3.1,257534
2022-10-03,3.1,3.1,2.9,2.9,241008
2022-10-04,2.9,3.0,2.8,2.8,136208
2022-10-05,2.8,3.0,2.8,3.0,155301
2022-10-06,3.0,3.1,2.9,2.9,167500
2022-10-07,2.9,2.9,2.7,2.8,301501
2022-10-10,2.8,2.9,2.7,2.8,336900
2022-10-11,2.8,2.9,2.6,2.6,356501
2022-10-12,2.6,2.7,2.5,2.6,170807
2022-10-13,2.6,2.7,2.6,2.7,101320
2022-10-14,2.7,2.8,2.7,2.8,138220
2022-10-17,2.7,2.8,2.6,2.7,173563
2022-10-18,2.7,2.8,2.7,2.8,154930
2022-10-19,2.8,2.8,2.6,2.7,185749
2022-10-20,2.7,2.7,2.6,2.6,34517
2022-10-21,2.7,2.7,2.4,2.4,479500
2022-10-24,2.5,2.5,2.2,2.2,384005
2022-10-25,2.1,2.2,2.0,2.1,405062
2022-10-26,2.0,2.2,2.0,2.1,187900
2022-10-27,2.1,2.2,1.9,2.2,272040
2022-10-28,2.2,2.3,2.1,2.2,173916
2022-10-31,2.2,2.3,2.1,2.2,103063
2022-11-01,2.2,2.2,2.1,2.1,56285
2022-11-02,2.1,2.2,2.0,2.1,159158
2022-11-03,2.0,2.2,2.0,2.1,128700
2022-11-04,2.0,2.2,2.0,2.0,239805
2022-11-07,2.0,2.1,1.8,1.9,144996
2022-11-08,1.8,2.0,1.8,1.8,194900
2022-11-09,1.8,1.9,1.8,1.9,260251
2022-11-10,1.9,1.9,1.8,1.8,177610
2022-11-11,1.8,1.9,1.7,1.7,247623
2022-11-14,1.7,1.8,1.6,1.7,444619
2022-11-15,1.7,1.7,1.6,1.6,145924
2022-11-16,1.5,1.7,1.5,1.7,395767
2022-11-17,1.7,1.8,1.6,1.8,380078
2022-11-18,1.9,1.9,1.7,1.8,151173
2022-11-21,1.9,1.9,1.8,1.9,364482
2022-11-22,1.9,2.0,1.9,2.0,385455
2022-11-23,2.0,2.1,1.9,1.9,200501
2022-11-24,2.0,2.0,1.8,1.8,465351
2022-11-25,1.8,1.9,1.8,1.9,180470
2022-11-28,1.9,2.0,1.9,2.0,435470
2022-11-29,2.1,2.2,2.0,2.1,447758
2022-11-30,2.2,2.2,2.1,2.2,200392
2022-12-01,2.2,2.4,2.1,2.4,893260
2022-12-02,2.4,2.6,2.3,2.5,382641
2022-12-05,2.5,2.7,2.5,2.7,575192
2022-12-06,2.8,2.8,2.5,2.5,773616
2022-12-07,2.4,2.5,2.3,2.3,511308
2022-12-08,2.3,2.5,2.2,2.4,235880
2022-12-09,2.4,2.4,2.3,2.4,165820
2022-12-12,2.4,2.5,2.2,2.3,252906
2022-12-13,2.4,2.5,2.2,2.5,324702
2022-12-14,2.6,2.7,2.4,2.6,349797
2022-12-15,2.6,2.6,2.4,2.4,116317
2022-12-16,2.4,2.5,2.3,2.4,129412
2022-12-19,2.3,2.5,2.3,2.5,322873
2022-12-20,2.5,2.5,2.3,2.4,385003
2022-12-21,2.4,2.4,2.2,2.3,262111
2022-12-22,2.2,2.3,2.1,2.3,287719
2022-12-23,2.3,2.3,2.1,2.1,752910
2022-12-26,2.1,2.1,1.9,1.9,727605
2022-12-27,1.8,2.0,1.8,2.0,569310
2022-12-28,2.0,2.1,1.9,1.9,253223
2022-12-29,2.0,2.0,1.8,1.9,315762
2022-12-30,2.0,2.0,1.8,1.8,384832
2023-01-03,1.9,1.9,1.8,1.9,249511
2023-01-04,2.0,2.0,1.9,1.9,84115
2023-01-05,1.9,2.0,1.8,1.9,374820
2023-01-06,2.0,2.0,1.8,1.9,155710
2023-01-09,1.9,2.0,1.8,2.0,140415
2023-01-10,2.0,2.0,1.8,1.9,138125
2023-01-11,1.8,2.0,1.8,2.0,620905
2023-01-12,1.9,2.1,1.9,2.0,95300
2023-01-13,1.9,2.1,1.9,2.1,237610
2023-01-16,2.1,2.2,2.0,2.1,276809
2023-01-17,2.0,2.1,2.0,2.0,272610
2023-01-18,2.0,2.1,1.9,2.0,136308
2023-01-19,2.1,2.1,2.0,2.1,133422
2023-01-27,2.1,2.2,2.1,2.1,72316
2023-01-30,2.1,2.3,2.1,2.3,379220
2023-01-31,2.3,2.3,2.1,2.2,209210
2023-02-01,2.3,2.3,2.2,2.2,107306
2023-02-02,2.2,2.2,2.1,2.2,92630
2023-02-03,2.2,2.2,2.1,2.1,183409
2023-02-06,2.1,2.2,2.0,2.2,101103
2023-02-07,2.1,2.2,2.0,2.0,210825
2023-02-08,2.0,2.2,2.0,2.0,244361
2023-02-09,2.0,2.2,2.0,2.1,182101
2023-02-10,2.0,2.1,2.0,2.0,111310
2023-02-13,2.1,2.1,1.9,2.1,185200
2023-02-14,2.0,2.1,2.0,2.0,109701
2023-02-15,2.0,2.1,1.9,2.0,67607
2023-02-16,2.0,2.1,1.9,2.0,186408
2023-02-17,1.9,2.1,1.9,2.0,89810
2023-02-20,2.1,2.2,2.0,2.1,196201
2023-02-21,2.1,2.2,2.0,2.1,165301
2023-02-22,2.0,2.2,2.0,2.1,227407
2023-02-23,2.2,2.2,2.0,2.1,82702
2023-02-24,2.1,2.2,2.0,2.1,306400
2023-02-27,2.0,2.1,2.0,2.1,88700
2023-02-28,2.1,2.1,2.0,2.0,93350
2023-03-01,2.0,2.1,2.0,2.0,126104
2023-03-02,2.0,2.1,2.0,2.0,197300
2023-03-03,2.1,2.1,2.0,2.0,130341
2023-03-06,2.0,2.1,2.0,2.0,88910
2023-03-07,2.1,2.1,2.0,2.0,43003
2023-03-08,2.1,2.1,2.0,2.0,159880
2023-03-09,2.0,2.1,2.0,2.0,32706
2023-03-10,2.0,2.1,1.9,1.9,146100
2023-03-13,2.0,2.0,1.9,2.0,179500
2023-03-14,2.1,2.2,2.1,2.2,1703863
2023-03-15,2.2,2.3,2.1,2.1,436620
2023-03-16,2.1,2.2,2.0,2.0,414805
2023-03-17,2.1,2.1,2.0,2.0,208033
2023-03-20,2.0,2.1,2.0,2.0,183826
2023-03-21,2.1,2.1,1.9,2.0,178944
2023-03-22,2.0,2.1,1.9,2.0,143910
2023-03-23,2.0,2.1,1.9,2.1,46600
2023-03-24,2.0,2.1,2.0,2.0,23748
2023-03-27,2.1,2.1,2.0,2.1,97603
2023-03-28,2.1,2.1,2.0,2.1,109429
2023-03-29,2.1,2.1,2.0,2.0,108059
2023-03-30,2.0,2.1,2.0,2.0,77707
2023-03-31,2.0,2.1,2.0,2.1,109280
2023-04-03,2.1,2.1,2.0,2.1,43731
2023-04-04,2.1,2.1,2.0,2.0,303809
2023-04-05,2.1,2.2,2.0,2.1,561961
2023-04-06,2.2,2.2,2.0,2.1,571607
2023-04-07,2.2,2.2,2.0,2.1,82009
2023-04-10,2.0,2.2,2.0,2.0,307936
2023-04-11,2.1,2.1,2.0,2.1,523700
2023-04-12,2.1,2.1,2.0,2.0,119108
2023-04-13,2.1,2.1,2.0,2.1,223413
2023-04-14,2.1,2.1,2.0,2.0,384504
2023-04-17,2.0,2.1,1.9,2.0,92304
2023-04-18,2.0,2.1,2.0,2.0,97600
2023-04-19,2.1,2.1,2.0,2.0,33004
2023-04-20,2.0,2.1,2.0,2.0,133351
2023-04-21,2.1,2.1,2.0,2.0,171000
2023-04-24,2.1,2.1,1.9,1.9,173516
2023-04-25,1.9,2.0,1.9,2.0,337350
2023-04-26,2.1,2.1,1.9,2.1,87392
2023-04-27,2.1,2.1,2.0,2.0,145751
2023-04-28,2.0,2.1,1.9,2.0,169402
2023-05-04,2.0,2.0,1.9,2.0,100937
2023-05-05,2.0,2.0,1.9,1.9,83253
2023-05-08,2.0,2.0,1.9,2.0,90237
2023-05-09,2.0,2.1,1.9,2.1,355402
2023-05-10,2.1,2.1,2.0,2.1,356292
2023-05-11,2.1,2.2,2.0,2.2,770277
2023-05-12,2.2,2.2,2.1,2.1,542314
2023-05-15,2.1,2.2,2.0,2.2,372469
2023-05-16,2.2,2.2,2.0,2.1,282752
2023-05-17,2.1,2.2,2.0,2.1,183027
2023-05-18,2.1,2.3,2.1,2.3,1253750
2023-05-19,2.5,2.5,2.2,2.3,1131270
2023-05-22,2.4,2.4,2.2,2.3,313958
2023-05-23,2.3,2.5,2.3,2.4,1436856
2023-05-24,2.4,2.5,2.4,2.4,295821
2023-05-25,2.4,2.5,2.3,2.3,770094
2023-05-26,2.3,2.4,2.3,2.4,324211
2023-05-29,2.4,2.6,2.3,2.6,1009780
2023-05-30,2.6,2.7,2.5,2.6,700800
2023-05-31,2.6,2.8,2.5,2.8,1404613
2023-06-01,2.8,3.0,2.8,3.0,1604075
2023-06-02,3.2,3.2,2.8,3.0,1761501
2023-06-05,3.0,3.1,2.9,3.0,664700
2023-06-06,3.1,3.2,2.9,3.2,1117323
2023-06-07,3.2,3.3,3.1,3.3,834962
2023-06-08,3.3,3.3,3.0,3.0,1572580
2023-06-09,3.0,3.1,2.9,3.0,712603
2023-06-12,3.0,3.2,3.0,3.0,510806
2023-06-13,3.1,3.2,3.0,3.1,614903
2023-06-14,3.1,3.4,3.1,3.1,1226212
2023-06-15,3.2,3.2,2.9,3.1,629411
2023-06-16,3.1,3.2,2.9,2.9,880104
2023-06-19,3.0,3.0,2.8,3.0,714000
2023-06-20,3.0,3.1,2.9,3.0,285232
2023-06-21,3.0,3.1,2.9,3.0,608931
2023-06-22,3.1,3.1,2.9,3.1,632323
2023-06-23,3.1,3.2,3.0,3.1,457870
2023-06-26,3.1,3.1,2.8,3.0,795171
2023-06-27,3.0,3.1,2.9,3.1,370688
2023-06-28,3.0,3.1,2.9,2.9,419700
2023-06-29,3.0,3.0,2.9,2.9,247110
2023-06-30,2.9,3.0,2.8,2.9,175182
2023-07-03,2.8,3.0,2.8,2.9,131610
2023-07-04,3.0,3.0,2.9,3.0,175159
2023-07-05,3.0,3.0,2.8,2.9,303010
2023-07-06,2.9,3.0,2.8,2.9,338832
2023-07-07,2.8,2.9,2.8,2.9,135425
2023-07-10,2.9,3.0,2.8,3.0,140601
2023-07-11,3.0,3.0,2.9,2.9,253717
2023-07-12,3.0,3.0,2.8,2.9,167162
2023-07-13,2.9,3.0,2.9,3.0,127700
2023-07-14,2.9,3.3,2.9,3.3,2566054
2023-07-17,3.5,3.6,3.4,3.6,1462375
2023-07-18,3.8,3.9,3.5,3.7,3081798
2023-07-19,3.7,3.8,3.5,3.7,1525505
2023-07-20,3.7,3.8,3.5,3.6,1256408
2023-07-21,3.7,3.8,3.5,3.7,1100128
2023-07-24,3.6,3.8,3.6,3.7,983005
2023-07-25,3.7,3.8,3.6,3.6,643084
2023-07-26,3.6,3.7,3.5,3.6,829666
2023-07-27,3.5,3.7,3.5,3.6,553257
2023-07-28,3.6,3.9,3.5,3.7,1211010
2023-07-31,3.8,3.8,3.6,3.7,357040
2023-08-01,3.8,3.8,3.5,3.5,577164
2023-08-02,3.5,3.7,3.5,3.6,207805
2023-08-03,3.6,3.7,3.4,3.5,672810
2023-08-04,3.5,3.7,3.5,3.7,435877
2023-08-07,3.7,3.8,3.6,3.7,906137
2023-08-08,3.7,4.0,3.7,4.0,1338569
2023-08-09,4.1,4.4,4.0,4.3,1675542
2023-08-10,4.3,4.4,3.9,4.0,653275
2023-08-11,4.0,4.1,3.8,4.1,937572
2023-08-14,4.1,4.2,4.0,4.2,716475
2023-08-15,4.2,4.2,4.0,4.1,769856
2023-08-16,4.1,4.2,3.9,4.1,890340
2023-08-17,4.1,4.2,4.0,4.0,266713
2023-08-18,4.0,4.0,3.6,3.6,1642327
2023-08-21,3.4,3.7,3.4,3.7,203147
2023-08-22,3.7,3.8,3.5,3.7,482317
2023-08-23,3.7,3.8,3.6,3.7,208000
2023-08-24,3.6,3.8,3.6,3.8,391130
2023-08-25,3.7,3.8,3.6,3.7,189725
2023-08-28,3.6,3.8,3.6,3.7,317808
2023-08-29,3.8,3.8,3.6,3.8,714810
2023-08-30,3.9,4.0,3.8,3.8,321900
2023-08-31,3.8,4.0,3.8,3.8,301950
2023-09-05,3.8,4.0,3.8,3.9,329302
2023-09-06,3.8,4.0,3.7,4.0,522021
2023-09-07,4.0,4.1,3.9,3.9,518850
2023-09-08,4.0,4.0,3.8,3.9,500990
2023-09-11,3.9,4.1,3.7,3.7,953575
2023-09-12,3.7,3.8,3.7,3.8,591726
2023-09-13,3.8,3.9,3.7,3.7,457346
2023-09-14,3.7,3.8,3.5,3.6,912446
2023-09-15,3.6,3.7,3.5,3.7,216100
2023-09-18,3.7,3.7,3.5,3.6,200600
2023-09-19,3.7,3.7,3.5,3.6,186442
2023-09-20,3.6,3.7,3.5,3.6,293006
2023-09-21,3.7,3.9,3.6,3.9,817513
2023-09-22,4.1,4.2,3.8,4.2,3317995
2023-09-25,4.3,4.6,4.2,4.4,2954082
2023-09-26,4.4,4.6,4.0,4.1,1333521
2023-09-27,4.1,4.2,3.7,4.2,938530
2023-09-28,4.2,4.2,3.9,4.1,228628
2023-09-29,4.1,4.2,3.9,3.9,379050
2023-10-02,3.9,4.2,3.9,4.2,427714
2023-10-03,4.4,4.5,4.1,4.2,981155
2023-10-04,4.2,4.3,4.0,4.2,315056
2023-10-05,4.2,4.3,4.1,4.1,355476
2023-10-06,4.1,4.2,4.0,4.1,350760
2023-10-09,4.1,4.5,4.1,4.5,920820
2023-10-10,4.7,4.9,4.5,4.6,894760
2023-10-11,4.7,4.8,4.4,4.5,557171
2023-10-12,4.5,4.7,4.3,4.4,845337
2023-10-13,4.4,4.7,4.4,4.6,548526
2023-10-16,4.5,5.0,4.5,5.0,1458103
2023-10-17,5.4,5.4,5.1,5.2,1722459
2023-10-18,5.2,5.2,4.7,4.7,1542203
2023-10-19,4.7,4.8,4.5,4.6,889809
2023-10-20,4.6,4.8,4.5,4.8,879075
2023-10-23,4.9,5.1,4.8,5.0,1023787
2023-10-24,5.0,5.0,4.8,4.9,556635
2023-10-25,5.0,5.0,4.6,4.7,1042963
2023-10-26,4.7,4.8,4.3,4.3,2404048
2023-10-27,4.2,4.4,4.0,4.3,1101351
2023-10-30,4.3,4.3,4.1,4.1,468173
2023-10-31,4.1,4.2,3.7,3.7,1137339
2023-11-01,3.7,3.8,3.4,3.6,1725900
2023-11-02,3.6,3.9,3.6,3.9,422367
2023-11-03,4.0,4.2,3.9,4.0,859833
2023-11-06,4.0,4.1,3.9,4.0,604216
2023-11-07,4.0,4.4,4.0,4.4,1372162
2023-11-08,4.4,4.6,4.1,4.4,1099311
2023-11-09,4.5,4.7,4.3,4.4,1145869
2023-11-10,4.3,4.4,4.2,4.2,1325976
2023-11-13,4.2,4.4,4.2,4.3,347635
2023-11-14,4.3,4.4,4.2,4.3,403851
2023-11-15,4.3,4.5,4.2,4.3,676315
2023-11-16,4.2,4.3,4.2,4.2,208537
2023-11-17,4.2,4.5,4.1,4.2,1374152
2023-11-20,4.2,4.3,4.0,4.3,608369
2023-11-21,4.3,4.4,4.2,4.2,454313
2023-11-22,4.2,4.3,4.1,4.3,615498
2023-11-23,4.2,4.3,4.1,4.1,787855
2023-11-24,4.1,4.1,3.9,4.1,852372
2023-11-27,4.1,4.2,3.9,4.0,500415
2023-11-28,4.0,4.1,3.8,3.9,366875
2023-11-29,3.9,4.1,3.9,4.0,348087
2023-11-30,4.1,4.1,3.9,3.9,359837
2023-12-01,3.9,4.0,3.9,3.9,299935
2023-12-04,4.0,4.1,3.9,4.1,448725
2023-12-05,4.0,4.1,3.9,4.0,690894
2023-12-06,4.0,4.1,3.9,4.1,715135
2023-12-07,4.0,4.2,4.0,4.0,672429
2023-12-08,4.1,4.1,3.9,4.0,1011835
2023-12-11,4.0,4.0,3.9,3.9,221405
2023-12-12,4.0,4.1,3.9,4.0,655933
2023-12-13,4.0,4.1,3.9,4.0,238011
2023-12-14,4.0,4.0,3.9,3.9,225600
2023-12-15,3.9,4.0,3.8,3.9,931738
2023-12-18,3.9,4.0,3.8,3.9,440399
2023-12-19,3.9,4.0,3.8,3.9,269516
2023-12-20,3.9,4.0,3.8,3.9,211843
2023-12-21,3.9,3.9,3.8,3.8,144306
2023-12-22,3.8,3.9,3.7,3.8,294970
2023-12-25,3.8,3.9,3.7,3.9,208977
2023-12-26,3.8,3.9,3.7,3.8,352804
2023-12-27,3.8,3.9,3.7,3.8,198168
2023-12-28,3.8,3.9,3.7,3.7,163132
2023-12-29,3.8,3.8,3.7,3.7,360299
2024-01-02,3.7,3.8,3.6,3.7,408475
2024-01-03,3.7,3.8,3.6,3.6,434109
2024-01-04,3.6,3.8,3.6,3.8,527706
2024-01-05,3.7,3.8,3.6,3.7,587502
2024-01-08,3.7,3.8,3.6,3.7,286772
2024-01-09,3.7,3.8,3.6,3.7,309423
2024-01-10,3.7,3.8,3.6,3.7,201012
2024-01-11,3.7,3.7,3.5,3.7,654805
2024-01-12,3.7,3.7,3.5,3.5,465102
2024-01-15,3.5,3.7,3.5,3.5,246458
2024-01-16,3.5,3.7,3.5,3.6,237277
2024-01-17,3.6,3.7,3.6,3.6,158244
2024-01-18,3.7,3.7,3.5,3.6,469745
2024-01-19,3.6,3.7,3.5,3.6,243750
2024-01-22,3.6,3.9,3.6,3.9,1026635
2024-01-23,4.2,4.2,3.9,4.0,1092785
2024-01-24,4.0,4.0,3.8,3.9,526725
2024-01-25,3.9,4.2,3.8,4.2,2521324
2024-01-26,4.2,4.6,4.2,4.6,3184906
2024-01-29,4.6,5.0,4.6,4.8,2524052
2024-01-30,4.8,5.0,4.5,4.6,2215983
2024-01-31,4.6,4.9,4.4,4.5,1117721
2024-02-01,4.5,4.6,4.3,4.4,1130359
2024-02-02,4.4,4.5,4.2,4.3,1122099
2024-02-05,4.3,4.4,4.0,4.1,1030115
2024-02-06,4.1,4.5,4.0,4.5,1724504
2024-02-07,4.5,4.7,4.5,4.5,1264101
2024-02-15,4.5,4.8,4.5,4.7,854022
2024-02-16,4.6,4.9,4.5,4.6,862295
2024-02-19,4.6,4.7,4.4,4.4,752038
2024-02-20,4.5,4.7,4.4,4.6,1098745
2024-02-21,4.6,4.8,4.5,4.8,910523
2024-02-22,4.7,5.2,4.7,5.2,2411274
2024-02-23,5.5,5.7,5.2,5.2,4715244
2024-02-26,5.2,5.7,5.2,5.6,2088095
2024-02-27,5.6,5.7,5.1,5.2,2126145
2024-02-28,5.4,5.5,5.2,5.4,723847
2024-02-29,5.4,5.5,5.2,5.4,980046
2024-03-01,5.4,5.4,5.3,5.3,752056
2024-03-04,5.3,5.4,5.1,5.2,1620308
2024-03-05,5.2,5.3,5.0,5.1,1520771
2024-03-06,5.2,5.2,4.7,4.8,2512633
2024-03-07,4.9,5.1,4.8,4.9,1072321
2024-03-08,4.9,5.0,4.8,4.9,1178202
2024-03-11,4.9,4.9,4.7,4.7,538471
2024-03-12,4.7,4.8,4.6,4.7,701172
2024-03-13,4.7,5.1,4.5,5.1,2403027
2024-03-14,5.6,5.6,5.0,5.1,1272804
2024-03-15,5.1,5.2,4.8,5.0,919911
2024-03-18,5.0,5.0,4.6,4.7,834503
2024-03-19,4.7,4.9,4.7,4.7,579503
2024-03-20,4.8,4.9,4.7,4.9,258769
2024-03-21,4.9,5.0,4.8,4.8,429727
2024-03-22,4.7,4.9,4.7,4.7,703268
2024-03-25,4.8,5.0,4.7,4.9,621131
2024-03-26,4.9,4.9,4.8,4.8,382914
2024-03-27,4.8,4.9,4.8,4.9,273367
2024-03-28,4.9,4.9,4.7,4.7,252577
2024-03-29,4.8,4.8,4.7,4.7,385728
2024-04-01,4.7,4.8,4.7,4.8,745635
2024-04-02,4.8,4.8,4.6,4.7,368861
2024-04-03,4.7,4.8,4.6,4.6,805304
2024-04-04,4.6,4.7,4.5,4.6,668046
2024-04-05,4.6,4.6,4.5,4.5,506587
2024-04-08,4.5,4.5,4.3,4.3,595848
2024-04-09,4.3,4.5,4.3,4.4,227608
2024-04-10,4.4,4.5,4.4,4.4,237601
2024-04-11,4.4,4.5,4.3,4.4,169308
2024-04-12,4.4,4.5,4.4,4.5,282477
2024-04-15,4.4,4.4,4.2,4.2,414863
2024-04-16,4.2,4.3,3.9,4.1,551794
2024-04-17,4.1,4.1,3.9,4.0,635327
2024-04-19,4.0,4.4,3.9,4.4,1092248
2024-04-22,4.5,4.8,4.4,4.8,2317859
2024-04-23,5.0,5.1,4.4,4.5,1149122
2024-04-24,4.5,4.7,4.4,4.5,576513
2024-04-25,4.5,4.5,4.2,4.4,873007
2024-04-26,4.3,4.5,4.3,4.4,386488
2024-05-02,4.3,4.4,4.2,4.3,346128
2024-05-03,4.3,4.4,4.3,4.3,158010
2024-05-06,4.3,4.5,4.3,4.4,419038
2024-05-07,4.4,4.5,4.4,4.4,504916
2024-05-08,4.4,4.5,4.3,4.4,339776
2024-05-09,4.4,4.5,4.3,4.4,526163
2024-05-10,4.4,4.5,4.3,4.4,540910
2024-05-13,4.4,4.7,4.4,4.6,1022328
2024-05-14,4.6,4.6,4.4,4.4,330612
2024-05-15,4.5,4.5,4.3,4.4,753792
2024-05-16,4.5,4.5,4.3,4.4,508431
2024-05-17,4.4,4.5,4.3,4.4,504088
2024-05-20,4.4,4.5,4.3,4.5,842346
2024-05-21,4.5,4.5,4.3,4.4,448872
2024-05-22,4.4,4.5,4.4,4.5,687617
2024-05-23,4.5,4.5,4.4,4.5,498712
2024-05-24,4.5,4.6,4.3,4.4,951413
2024-05-27,4.4,4.4,4.3,4.3,363418
2024-05-28,4.3,4.5,4.3,4.4,483532
2024-05-29,4.4,4.5,4.3,4.4,568215
2024-05-30,4.4,4.4,4.3,4.3,570122
2024-05-31,4.4,4.4,4.3,4.3,479710
2024-06-03,4.4,4.5,4.3,4.5,1138367
2024-06-04,4.5,4.5,4.3,4.4,317700
2024-06-05,4.4,4.5,4.3,4.3,342002
2024-06-06,4.4,4.5,4.3,4.3,364012
2024-06-07,4.3,4.4,4.3,4.4,251600
2024-06-10,4.4,4.5,4.3,4.4,225821
2024-06-11,4.4,4.5,4.3,4.3,458941
2024-06-12,4.3,4.4,4.3,4.4,263803
2024-06-13,4.4,4.4,4.3,4.4,312773
2024-06-14,4.4,4.5,4.3,4.3,342300
2024-06-17,4.3,4.4,4.3,4.3,305473
2024-06-18,4.4,4.4,4.3,4.3,466867
2024-06-19,4.3,4.3,4.2,4.3,317839
2024-06-20,4.3,4.3,4.2,4.2,377841
2024-06-21,4.2,4.3,4.2,4.2,423200
2024-06-24,4.2,4.2,3.9,4.0,937197
2024-06-25,4.1,4.2,4.0,4.1,477206
2024-06-26,4.1,4.1,4.0,4.1,212934
2024-06-27,4.1,4.2,4.0,4.1,254211
2024-06-28,4.1,4.2,4.0,4.0,352720
2024-07-01,4.0,4.1,4.0,4.1,141306
2024-07-02,4.1,4.1,4.0,4.1,46300
2024-07-03,4.1,4.1,4.0,4.1,154457
2024-07-04,4.1,4.4,4.1,4.2,834912
2024-07-05,4.2,4.3,4.2,4.2,374497
2024-07-08,4.3,4.3,4.1,4.1,345230
2024-07-09,4.1,4.2,4.0,4.1,194610
2024-07-10,4.2,4.2,4.0,4.1,355211
2024-07-11,4.1,4.2,4.0,4.1,392422
2024-07-12,4.0,4.2,4.0,4.2,318399
2024-07-15,4.2,4.3,4.1,4.2,366609
2024-07-16,4.2,4.3,4.1,4.2,264944
2024-07-17,4.1,4.3,4.1,4.2,457006
2024-07-18,4.1,4.2,4.0,4.1,213602
2024-07-19,4.1,4.2,4.0,4.1,823369
2024-07-22,4.0,4.0,3.7,3.7,2133841
2024-07-23,3.7,3.7,3.4,3.4,759321
2024-07-24,3.4,3.4,3.2,3.4,317782
2024-07-25,3.3,3.4,3.2,3.2,550328
2024-07-26,3.2,3.2,3.1,3.2,206600
2024-07-29,3.1,3.2,3.0,3.1,519500
2024-07-30,3.0,3.1,2.9,3.0,235800
2024-07-31,3.0,3.1,3.0,3.0,144500
2024-08-01,3.1,3.1,2.7,2.7,722400
2024-08-02,2.7,2.8,2.5,2.8,289000
2024-08-05,2.8,2.8,2.6,2.6,613300
2024-08-06,2.6,2.7,2.5,2.6,235500
2024-08-07,2.6,2.8,2.6,2.8,315200
2024-08-08,2.9,3.0,2.7,2.8,446300
2024-08-09,2.8,2.9,2.7,2.7,560600
2024-08-12,2.8,2.9,2.7,2.8,210300
2024-08-13,2.8,2.9,2.6,2.7,228700
2024-08-14,2.8,2.8,2.6,2.6,110100
2024-08-15,2.7,2.7,2.6,2.7,136100
2024-08-16,2.7,2.9,2.7,2.9,329200
2024-08-19,2.9,2.9,2.7,2.8,310600
2024-08-20,2.8,3.0,2.7,2.9,507000
2024-08-21,2.9,3.0,2.8,2.9,221300
2024-08-22,2.9,2.9,2.7,2.9,278000
2024-08-23,2.9,2.9,2.7,2.9,179100
2024-08-26,2.8,2.9,2.8,2.9,260200
2024-08-27,2.8,2.9,2.8,2.9,78300
2024-08-28,2.9,2.9,2.8,2.8,142000
2024-08-29,2.8,2.9,2.7,2.7,154300
2024-08-30,2.7,2.8,2.7,2.8,26400
2024-09-04,2.7,3.0,2.7,2.9,708300
2024-09-05,2.9,3.0,2.8,2.9,278500
2024-09-06,2.9,3.0,2.8,2.9,355000
2024-09-09,2.8,2.9,2.8,2.9,54800
2024-09-10,2.9,2.9,2.8,2.9,60600
2024-09-11,2.9,2.9,2.7,2.8,456300
2024-09-12,2.9,2.9,2.8,2.9,132200
2024-09-13,2.9,2.9,2.8,2.8,167000
2024-09-16,2.9,2.9,2.8,2.8,84900
2024-09-17,2.9,3.0,2.8,3.0,584400
2024-09-18,3.0,3.3,3.0,3.1,520700
2024-09-19,3.1,3.3,3.0,3.1,534300
2024-09-20,3.2,3.2,3.0,3.1,328100
2024-09-23,3.1,3.1,2.9,3.1,259900
2024-09-24,3.1,3.1,3.0,3.1,180800
2024-09-25,3.1,3.1,3.0,3.0,190100
2024-09-26,3.0,3.1,2.9,3.0,329200
2024-09-27,3.1,3.1,3.0,3.0,210400
2024-09-30,3.0,3.1,2.9,3.1,202700
2024-10-01,3.1,3.1,3.0,3.0,151600
2024-10-02,3.0,3.0,2.9,3.0,71300
2024-10-03,2.9,3.0,2.9,2.9,84600
2024-10-04,2.9,3.0,2.8,3.0,111700
2024-10-07,3.0,3.0,2.8,2.9,116400
2024-10-08,3.0,3.0,2.9,2.9,65900
2024-10-09,3.0,3.0,2.9,2.9,30800
2024-10-10,2.9,3.0,2.8,2.9,266600
2024-10-11,2.9,3.0,2.8,2.8,58600
2024-10-14,2.9,3.0,2.8,2.9,195700
2024-10-15,2.9,3.0,2.8,2.8,58400
2024-10-16,2.9,2.9,2.8,2.9,244100
2024-10-17,2.8,2.9,2.8,2.9,131100
2024-10-18,2.9,2.9,2.8,2.9,69400
2024-10-21,2.8,2.9,2.8,2.8,55900
2024-10-22,2.8,2.9,2.7,2.8,202900
2024-10-23,2.8,2.9,2.7,2.8,57000
2024-10-24,2.8,2.9,2.7,2.8,118800
2024-10-25,2.8,2.9,2.7,2.8,135800
2024-10-28,2.7,2.9,2.7,2.7,140100
2024-10-29,2.8,2.9,2.7,2.8,176700
2024-10-30,2.9,2.9,2.7,2.8,129100
2024-10-31,2.8,2.9,2.7,2.8,76300
2024-11-01,2.7,2.8,2.7,2.8,289800
2024-11-04,2.7,2.8,2.7,2.7,141400
2024-11-05,2.8,2.8,2.6,2.8,141100
2024-11-06,2.7,2.8,2.7,2.8,107700
2024-11-07,2.8,2.8,2.7,2.8,81400
2024-11-08,2.7,2.8,2.7,2.7,102600
2024-11-11,2.7,2.8,2.6,2.7,115200
2024-11-12,2.7,2.8,2.7,2.8,55200
2024-11-13,2.7,2.8,2.7,2.7,45600
2024-11-14,2.6,2.7,2.6,2.6,88400
2024-11-15,2.6,2.7,2.5,2.6,245000
2024-11-18,2.6,2.7,2.5,2.6,113400
2024-11-19,2.7,2.7,2.6,2.6,32300
2024-11-20,2.7,2.7,2.5,2.6,144500
2024-11-21,2.6,2.7,2.6,2.7,60800
2024-11-22,2.7,2.7,2.6,2.7,45800
2024-11-25,2.6,2.8,2.6,2.7,285200
2024-11-26,2.7,2.8,2.7,2.7,135500
2024-11-27,2.8,2.8,2.7,2.7,97200
2024-11-28,2.7,2.8,2.7,2.7,31200
2024-11-29,2.7,2.8,2.7,2.7,69900
2024-12-02,2.7,2.8,2.7,2.7,129000
2024-12-03,2.6,2.8,2.6,2.8,77500
2024-12-04,2.8,2.8,2.6,2.7,97800
2024-12-05,2.6,2.8,2.6,2.7,121400
2024-12-06,2.8,2.8,2.7,2.7,108500
2024-12-09,2.7,2.8,2.7,2.8,116000
2024-12-10,2.8,2.8,2.7,2.8,34100
2024-12-11,2.8,2.8,2.7,2.7,69500
2024-12-12,2.8,2.9,2.7,2.7,399200
2024-12-13,2.8,2.9,2.7,2.9,157600
2024-12-16,2.9,2.9,2.7,2.8,152300
2024-12-17,2.8,2.8,2.7,2.8,28300
2024-12-18,2.8,2.8,2.6,2.7,225800
2024-12-19,2.7,2.8,2.6,2.8,150000
2024-12-20,2.8,2.8,2.7,2.7,88200
2024-12-23,2.7,2.8,2.6,2.7,133500
2024-12-24,2.7,2.7,2.6,2.7,57000
2024-12-25,2.7,2.8,2.6,2.7,165900
2024-12-26,2.8,2.9,2.7,2.7,390700
2024-12-27,2.8,2.8,2.7,2.7,75300
2024-12-30,2.7,2.9,2.7,2.8,361800
2024-12-31,2.8,2.9,2.8,2.8,283500
2025-01-02,2.9,3.0,2.8,3.0,523000
2025-01-03,3.3,3.3,3.0,3.0,785100
2025-01-06,3.1,3.1,2.9,3.0,467500
2025-01-07,3.0,3.0,2.7,2.8,518800
2025-01-08,2.7,3.0,2.7,2.9,296300
2025-01-09,2.9,3.0,2.8,2.8,57200
2025-01-10,2.9,2.9,2.7,2.8,106300
2025-01-13,2.8,2.8,2.7,2.8,31300
2025-01-14,2.8,2.8,2.7,2.8,25000
2025-01-15,2.7,2.8,2.7,2.8,105400
2025-01-16,2.8,2.9,2.7,2.8,259300
2025-01-17,2.8,2.9,2.8,2.8,150000
2025-01-20,2.8,2.9,2.7,2.9,69600
2025-01-21,2.9,2.9,2.7,2.7,222700
2025-01-22,2.8,2.8,2.7,2.8,38900
2025-01-23,2.8,2.8,2.7,2.8,147300
2025-01-24,2.8,2.9,2.7,2.8,212600
2025-02-03,2.8,2.9,2.8,2.9,91800
2025-02-04,2.9,2.9,2.8,2.8,95600
2025-02-05,2.9,2.9,2.8,2.8,115000
2025-02-06,2.8,2.9,2.7,2.8,328000
2025-02-07,2.9,3.0,2.9,2.9,508100
2025-02-10,3.0,3.1,2.9,3.0,614200
2025-02-11,3.1,3.2,3.0,3.1,660200
2025-02-12,3.1,3.1,2.9,2.9,220700
2025-02-13,2.9,3.0,2.9,3.0,114500
2025-02-14,2.9,3.0,2.8,3.0,260200
2025-02-17,2.9,3.1,2.9,3.0,529000
2025-02-18,2.9,3.1,2.9,3.0,306900
2025-02-19,3.0,3.2,3.0,3.1,604200
2025-02-20,3.1,3.2,3.0,3.1,412800
2025-02-21,3.1,3.2,3.1,3.2,532700
2025-02-24,3.2,3.3,3.1,3.2,403900
2025-02-25,3.2,3.2,3.0,3.2,419500
2025-02-26,3.2,3.2,3.0,3.0,234800
2025-02-27,3.1,3.2,3.0,3.1,137000
2025-02-28,3.1,3.2,3.1,3.2,142700
2025-03-03,3.2,3.2,3.0,3.1,194500
2025-03-04,3.1,3.2,3.0,3.1,299700
2025-03-05,3.1,3.2,3.0,3.0,324000
2025-03-06,3.1,3.2,3.0,3.1,169800
2025-03-07,3.1,3.2,3.0,3.1,103700
2025-03-10,3.1,3.2,3.1,3.2,187600
2025-03-11,3.1,3.2,3.0,3.1,201000
2025-03-12,3.1,3.2,3.0,3.1,92500
2025-03-13,3.1,3.1,3.0,3.0,64400
2025-03-14,3.0,3.1,3.0,3.0,243600
2025-03-17,3.0,3.0,2.8,2.8,325200
2025-03-18,2.8,2.9,2.8,2.9,339300
2025-03-19,2.9,3.0,2.8,2.9,110200
2025-03-20,3.0,3.0,2.8,2.9,66400
2025-03-21,2.9,3.0,2.8,2.9,74800
2025-03-24,2.9,2.9,2.8,2.8,482600
2025-03-25,2.8,2.9,2.8,2.9,169900
2025-03-26,2.9,2.9,2.8,2.8,89100
2025-03-27,2.8,2.9,2.7,2.8,228800
2025-03-28,2.8,2.9,2.7,2.9,102600
2025-03-31,2.9,2.9,2.7,2.8,81300
2025-04-01,2.9,2.9,2.8,2.8,29900
2025-04-02,2.8,2.9,2.8,2.8,35400
2025-04-03,2.8,2.8,2.6,2.6,660500
2025-04-04,2.6,2.6,2.4,2.5,312400
2025-04-08,2.4,2.4,2.3,2.3,479200
2025-04-09,2.2,2.2,2.1,2.1,335200
2025-04-10,2.2,2.3,2.2,2.3,79000
2025-04-11,2.5,2.5,2.4,2.4,468800
2025-04-14,2.5,2.5,2.4,2.4,70000
2025-04-15,2.4,2.5,2.4,2.4,64900
2025-04-16,2.4,2.5,2.3,2.3,166200
2025-04-17,2.3,2.5,2.3,2.5,93300
2025-04-18,2.5,2.5,2.4,2.4,156700
2025-04-21,2.5,2.5,2.4,2.4,70800
2025-04-22,2.4,2.4,2.2,2.4,627500
2025-04-23,2.3,2.5,2.3,2.4,191000
2025-04-24,2.3,2.5,2.3,2.4,71100
2025-04-25,2.3,2.5,2.3,2.4,221400
2025-04-28,2.4,2.5,2.3,2.4,179000
2025-04-29,2.4,2.5,2.3,2.4,116100
2025-05-05,2.4,2.5,2.3,2.4,92000
2025-05-06,2.3,2.5,2.3,2.4,128400
2025-05-07,2.4,2.5,2.3,2.4,37100
2025-05-08,2.4,2.5,2.3,2.4,183400
2025-05-09,2.4,2.5,2.3,2.4,165800
2025-05-12,2.4,2.5,2.4,2.5,93300
2025-05-13,2.5,2.6,2.4,2.6,482100
2025-05-14,2.6,2.6,2.5,2.5,180000
2025-05-15,2.6,2.6,2.5,2.5,70400
2025-05-16,2.6,2.7,2.5,2.5,329000
2025-05-19,2.5,2.7,2.5,2.6,152700
2025-05-20,2.6,2.7,2.5,2.5,327900
2025-05-21,2.5,2.6,2.5,2.5,42900
2025-05-22,2.5,2.6,2.5,2.5,196000
2025-05-23,2.5,2.6,2.5,2.5,29600
2025-05-26,2.6,2.6,2.5,2.5,33200
2025-05-27,2.6,2.6,2.5,2.5,63800
2025-05-28,2.6,2.7,2.5,2.5,265300
2025-05-29,2.6,2.7,2.6,2.7,441900
2025-05-30,2.9,2.9,2.7,2.9,1387100
2025-06-02,3.1,3.1,2.8,2.9,398200
2025-06-03,2.8,3.0,2.7,2.8,467100
2025-06-04,2.9,2.9,2.7,2.7,345100
2025-06-05,2.7,2.8,2.6,2.7,138900
2025-06-06,2.7,2.7,2.6,2.7,210600
2025-06-09,2.7,2.7,2.6,2.6,353600
2025-06-10,2.6,2.7,2.6,2.6,110900
2025-06-11,2.7,2.7,2.6,2.6,32100
2025-06-12,2.7,2.7,2.6,2.7,37600
2025-06-13,2.7,2.7,2.5,2.6,620100
2025-06-16,2.6,2.7,2.5,2.6,184200
2025-06-17,2.7,2.7,2.5,2.6,137400
2025-06-18,2.6,2.6,2.5,2.6,22800
2025-06-19,2.5,2.6,2.5,2.5,27700
2025-06-20,2.5,2.6,2.5,2.5,53000
2025-06-23,2.5,2.6,2.5,2.5,42200
2025-06-24,2.6,2.6,2.5,2.5,234200
2025-06-25,2.6,2.6,2.5,2.6,35800
2025-06-26,2.6,2.6,2.5,2.5,281500
2025-06-27,2.5,2.6,2.5,2.5,46800
2025-06-30,2.6,2.6,2.5,2.5,4700
2025-07-01,2.5,2.6,2.5,2.5,136900
2025-07-02,2.5,2.6,2.5,2.6,74900
2025-07-03,2.6,2.7,2.5,2.7,488300
2025-07-04,2.6,2.7,2.6,2.6,104900
2025-07-07,2.7,2.7,2.6,2.6,126500
2025-07-08,2.7,2.7,2.5,2.7,159500
2025-07-09,2.6,2.8,2.6,2.7,301800
2025-07-10,2.7,2.8,2.7,2.8,323800
2025-07-11,2.9,2.9,2.7,2.7,250200
2025-07-14,2.6,2.8,2.6,2.7,123500
2025-07-15,2.7,2.9,2.7,2.8,502400
2025-07-16,2.9,2.9,2.8,2.9,251400
2025-07-17,2.9,2.9,2.8,2.8,339900
2025-07-18,2.8,2.9,2.8,2.8,397900
2025-07-21,2.8,2.9,2.7,2.7,410300
2025-07-22,2.8,2.8,2.6,2.7,290600
2025-07-23,2.7,2.8,2.7,2.7,68900
2025-07-24,2.7,2.8,2.7,2.8,71000
2025-07-25,2.7,2.8,2.7,2.7,108900
2025-07-28,2.7,2.8,2.7,2.8,616700
2025-07-29,2.8,2.8,2.6,2.6,1020500
2025-07-30,2.7,2.7,2.6,2.7,226000
2025-07-31,2.7,2.7,2.6,2.6,148000
2025-08-01,2.6,2.7,2.6,2.6,211500
2025-08-04,2.6,2.7,2.5,2.7,303800
2025-08-05,2.7,2.7,2.6,2.7,403200
2025-08-06,2.7,2.7,2.6,2.6,64800
2025-08-07,2.6,2.7,2.6,2.6,235400
2025-08-08,2.7,2.7,2.6,2.7,132300
2025-08-11,2.7,2.7,2.6,2.6,574800
2025-08-12,2.7,2.8,2.6,2.8,1626600
2025-08-13,2.8,3.0,2.8,2.8,815000
2025-08-14,2.9,2.9,2.7,2.8,625000
2025-08-15,2.8,2.9,2.7,2.9,1077800
2025-08-18,2.9,3.0,2.8,3.0,640100
2025-08-19,3.0,3.2,2.9,3.1,1327000
2025-08-20,3.1,3.2,2.8,3.0,845700
2025-08-21,3.0,3.1,2.8,2.9,288900
2025-08-22,2.8,3.0,2.8,2.9,320200
2025-08-25,2.9,3.1,2.9,3.0,829800
2025-08-26,3.1,3.1,2.7,2.8,766500
2025-08-27,2.9,2.9,2.7,2.8,1098100
2025-08-28,2.8,2.9,2.7,2.8,574500
2025-08-29,2.8,3.0,2.7,2.8,1025500
2025-09-03,2.8,3.0,2.8,2.9,301400
2025-09-04,2.8,3.0,2.8,2.9,1097900
2025-09-05,2.9,3.0,2.8,2.9,503400
2025-09-08,2.8,2.9,2.8,2.8,755600
2025-09-09,2.8,2.9,2.7,2.8,248200
2025-09-10,2.9,2.9,2.8,2.9,150100
2025-09-11,2.9,2.9,2.7,2.8,565200
2025-09-12,2.8,2.8,2.7,2.7,199500
2025-09-15,2.8,2.9,2.7,2.8,450000
2025-09-16,2.9,2.9,2.7,2.7,213400
2025-09-17,2.7,2.9,2.7,2.8,349000
2025-09-18,2.8,2.9,2.7,2.8,205200
2025-09-19,2.8,2.8,2.7,2.8,66300
2025-09-22,2.8,2.9,2.7,2.8,342100
2025-09-23,2.8,2.8,2.7,2.7,79800
2025-09-24,2.8,2.8,2.7,2.7,269200
2025-09-25,2.7,2.8,2.7,2.8,107900
2025-09-26,2.7,2.8,2.7,2.7,106600
2025-09-29,2.7,2.8,2.7,2.8,24100
2025-09-30,2.8,2.8,2.7,2.7,666700
2025-10-01,2.7,2.8,2.6,2.7,143900
2025-10-02,2.7,2.8,2.6,2.7,263700
2025-10-03,2.6,2.7,2.5,2.6,366100
2025-10-06,2.6,2.7,2.6,2.7,146900
2025-10-07,2.7,2.7,2.6,2.6,240200
2025-10-08,2.7,2.8,2.6,2.7,365300
2025-10-09,2.8,2.8,2.7,2.7,220600
2025-10-10,2.8,2.8,2.6,2.7,116000
2025-10-13,2.6,2.7,2.6,2.6,64900
2025-10-14,2.7,2.7,2.6,2.6,173700
2025-10-15,2.7,2.7,2.6,2.6,142000
2025-10-16,2.7,2.7,2.6,2.6,185500
2025-10-17,2.6,2.7,2.6,2.7,146200
2025-10-20,2.6,2.7,2.6,2.6,435600
2025-10-21,2.5,2.6,2.4,2.5,217200
2025-10-22,2.6,2.6,2.4,2.5,99100
2025-10-23,2.6,2.6,2.5,2.5,16600
2025-10-24,2.5,2.6,2.5,2.5,51300
2025-10-27,2.6,2.6,2.5,2.5,19000
2025-10-28,2.5,2.6,2.4,2.5,219000
2025-10-29,2.6,2.6,2.5,2.5,50600
2025-10-30,2.6,2.6,2.5,2.5,87000
2025-10-31,2.5,2.6,2.5,2.5,47400
2025-11-03,2.6,2.6,2.5,2.5,75800
2025-11-04,2.5,2.6,2.4,2.6,44100
2025-11-05,2.5,2.6,2.4,2.5,142100
2025-11-06,2.5,2.5,2.4,2.5,31900
2025-11-07,2.4,2.5,2.4,2.4,424900
2025-11-10,2.5,2.5,2.4,2.5,38300
2025-11-11,2.4,2.5,2.4,2.4,39200
2025-11-12,2.4,2.5,2.4,2.5,88400
2025-11-13,2.4,2.5,2.4,2.4,2900
